Month	Dow	Nas
01	49.0570249	2.0425155
02	49.0566806	2.0385429
03	49.0570249	2.0425155
04	49.0566806	2.0385429
05	49.0566806	2.0385429
06	49.0570249	2.0425155
